009 Re:Cyborg 001,"6,90€",https://j-pop.it/media/catalog/product/cache/cbb241a160950308bfe8178642fb57bf/1/6/16009-recyborg-001.jpg
009 Re:Cyborg 002,"6,90€",https://j-pop.it/media/catalog/product/cache/cbb241a160950308bfe8178642fb57bf/1/6/16009-recyborg-002.jpg
009 Re:Cyborg 003,"6,90€",https://j-pop.it/media/catalog/product/cache/cbb241a160950308bfe8178642fb57bf/1/6/16009-recyborg-003.jpg
009 Re:Cyborg 004,"6,90€",https://j-pop.it/media/catalog/product/cache/cbb241a160950308bfe8178642fb57bf/1/6/16009-recyborg-004.jpg
009 Re:Cyborg 005,"6,90€",https://j-pop.it/media/catalog/product/cache/cbb241a160950308bfe8178642fb57bf/1/6/16009-recyborg-005.jpg
009 Re:Cyborg 006,"6,90€",https://j-pop.it/media/catalog/product/cache/cbb241a160950308bfe8178642fb57bf/1/6/16009-recyborg-006.jpg
10 Count 001,"6,50€",https://j-pop.it/media/catalog/product/cache/cbb241a160950308bfe8178642fb57bf/1/6/16ten-count-001.jpg
10 Count 002,"6,50€",https://j-pop.it/media/catalog/product/cache/cbb241a160950308bfe8178642fb57bf/1/6/16ten-count-002.jpg
10 Count 003,"6,50€",https://j-pop.it/media/catalog/product/cache/cbb241a160950308bfe8178642fb57bf/1/6/16ten-count-003.jpg
10 Count 004,"6,50€",https://j-pop.it/media/catalog/product/cache/cbb241a160950308bfe8178642fb57bf/1/6/16ten-count-004.jpg
10 Count 005,"6,50€",https://j-pop.it/media/catalog/product/cache/cbb241a160950308bfe8178642fb57bf/1/6/16ten-count-005.jpg
10 Count 006,"6,50€",https://j-pop.it/media/catalog/product/cache/cbb241a160950308bfe8178642fb57bf/1/6/16ten-count-006.jpg
17 Anni 001,"27,60€",https://j-pop.it/media/catalog/product/cache/cbb241a160950308bfe8178642fb57bf/1/6/1617-anni-001.jpg
17 Anni 002,"27,60€",https://j-pop.it/media/catalog/product/cache/cbb241a160950308bfe8178642fb57bf/1/6/1617-anni-002.jpg
17 Anni 003,"27,60€",https://j-pop.it/media/catalog/product/cache/cbb241a160950308bfe8178642fb57bf/1/6/1617-anni-003.jpg
17 Anni 004,"27,60€",https://j-pop.it/media/catalog/product/cache/cbb241a160950308bfe8178642fb57bf/1/6/1617-anni-004.jpg
17 Anni Box,"27,60€",https://j-pop.it/media/catalog/product/cache/cbb241a160950308bfe8178642fb57bf/1/6/1617-anni-box-1-4.jpg
666 Satan 001,"4,40€",https://j-pop.it/media/catalog/product/cache/cbb241a160950308bfe8178642fb57bf/1/6/16666-satan-001.jpg
666 Satan 001 - JPOP 10 ANNIVERSARY ED.,"2,90€",https://j-pop.it/media/catalog/product/cache/cbb241a160950308bfe8178642fb57bf/1/6/16666-satan-001-jpop-10-anniversary-ed.jpg
666 Satan 002,"4,40€",https://j-pop.it/media/catalog/product/cache/cbb241a160950308bfe8178642fb57bf/1/6/16666-satan-002.jpg
666 Satan 003,"4,40€",https://j-pop.it/media/catalog/product/cache/cbb241a160950308bfe8178642fb57bf/1/6/16666-satan-003.jpg
666 Satan 004,"4,40€",https://j-pop.it/media/catalog/product/cache/cbb241a160950308bfe8178642fb57bf/1/6/16666-satan-004.jpg
666 Satan 005,"4,40€",https://j-pop.it/media/catalog/product/cache/cbb241a160950308bfe8178642fb57bf/1/6/16666-satan-005.jpg
666 Satan 006,"4,40€",https://j-pop.it/media/catalog/product/cache/cbb241a160950308bfe8178642fb57bf/1/6/16666-satan-006.jpg
666 Satan 007,"4,40€",https://j-pop.it/media/catalog/product/cache/cbb241a160950308bfe8178642fb57bf/1/6/16666-satan-007.jpg
666 Satan 008,"4,40€",https://j-pop.it/media/catalog/product/cache/cbb241a160950308bfe8178642fb57bf/1/6/16666-satan-008.jpg
666 Satan 009,"4,40€",https://j-pop.it/media/catalog/product/cache/cbb241a160950308bfe8178642fb57bf/1/6/16666-satan-009.jpg
666 Satan 010,"4,40€",https://j-pop.it/media/catalog/product/cache/cbb241a160950308bfe8178642fb57bf/1/6/16666-satan-010.jpg
666 Satan 011,"4,40€",https://j-pop.it/media/catalog/product/cache/cbb241a160950308bfe8178642fb57bf/1/6/16666-satan-011.jpg
666 Satan 012,"4,40€",https://j-pop.it/media/catalog/product/cache/cbb241a160950308bfe8178642fb57bf/1/6/16666-satan-012.jpg
666 Satan 013,"4,40€",https://j-pop.it/media/catalog/product/cache/cbb241a160950308bfe8178642fb57bf/1/6/16666-satan-013.jpg
666 Satan 014,"4,40€",https://j-pop.it/media/catalog/product/cache/cbb241a160950308bfe8178642fb57bf/1/6/16666-satan-014.jpg
666 Satan 015,"4,40€",https://j-pop.it/media/catalog/product/cache/cbb241a160950308bfe8178642fb57bf/1/6/16666-satan-015.jpg
666 Satan 016,"4,40€",https://j-pop.it/media/catalog/product/cache/cbb241a160950308bfe8178642fb57bf/1/6/16666-satan-016.jpg
666 Satan 017,"4,40€",https://j-pop.it/media/catalog/product/cache/cbb241a160950308bfe8178642fb57bf/1/6/16666-satan-017.jpg
666 Satan 018,"4,40€",https://j-pop.it/media/catalog/product/cache/cbb241a160950308bfe8178642fb57bf/1/6/16666-satan-018.jpg
666 Satan 019,"4,40€",https://j-pop.it/media/catalog/product/cache/cbb241a160950308bfe8178642fb57bf/1/6/16666-satan-019.jpg
7th Garden 001,"5,90€",https://j-pop.it/media/catalog/product/cache/cbb241a160950308bfe8178642fb57bf/1/6/167th-garden-001.jpg
7th Garden 002,"5,90€",https://j-pop.it/media/catalog/product/cache/cbb241a160950308bfe8178642fb57bf/1/6/167th-garden-002.jpg
7th Garden 003,"5,90€",https://j-pop.it/media/catalog/product/cache/cbb241a160950308bfe8178642fb57bf/1/6/167th-garden-003.jpg
7th Garden 004,"5,90€",https://j-pop.it/media/catalog/product/cache/cbb241a160950308bfe8178642fb57bf/1/6/167th-garden-004.jpg
7th Garden 005,"5,90€",https://j-pop.it/media/catalog/product/cache/cbb241a160950308bfe8178642fb57bf/1/6/167th-garden-005.jpg
7th Garden 006,"5,90€",https://j-pop.it/media/catalog/product/cache/cbb241a160950308bfe8178642fb57bf/1/6/167th-garden-007.jpg
7th Garden 007,"5,90€",https://j-pop.it/media/catalog/product/cache/cbb241a160950308bfe8178642fb57bf/1/6/167th-garden-007.jpg
7th Garden 008,"5,90€",https://j-pop.it/media/catalog/product/cache/cbb241a160950308bfe8178642fb57bf/1/6/167th-garden-008.jpg
86 - Eighty Six 001,"6,50€",https://j-pop.it/media/catalog/product/cache/cbb241a160950308bfe8178642fb57bf/1/6/1686-eighty-six-001.jpg
86 - Eighty Six 002,"6,50€",https://j-pop.it/media/catalog/product/cache/cbb241a160950308bfe8178642fb57bf/1/6/1686-eighty-six-002.jpg
86 - Eighty Six 003,"6,50€",https://j-pop.it/media/catalog/product/cache/cbb241a160950308bfe8178642fb57bf/1/6/1686-eighty-six-003.jpg
A Lotus Flower in the Mud,"6,90€",https://j-pop.it/media/catalog/product/cache/cbb241a160950308bfe8178642fb57bf/1/6/16a-lotus-flower-in-the-mud.jpg
A Mature Boyfriend,"5,90€",https://j-pop.it/media/catalog/product/cache/cbb241a160950308bfe8178642fb57bf/1/6/16a-mature-boyfriend.jpg
A cruel God reigns 001,"14,00€",https://j-pop.it/media/catalog/product/cache/cbb241a160950308bfe8178642fb57bf/a/_/a_cruel_god_reigns_1_jkt_rev_1_.jpg
A cruel God reigns 002,"14,00€",https://j-pop.it/media/catalog/product/cache/cbb241a160950308bfe8178642fb57bf/a/_/a_cruel_god_reigns_2_jkt_rev.jpg
Accanto A Te 001,"4,40€",https://j-pop.it/media/catalog/product/cache/cbb241a160950308bfe8178642fb57bf/1/6/16accanto-a-te-001.jpg
Accanto A Te 002,"4,40€",https://j-pop.it/media/catalog/product/cache/cbb241a160950308bfe8178642fb57bf/1/6/16accanto-a-te-002.jpg
Accanto A Te 003,"4,40€",https://j-pop.it/media/catalog/product/cache/cbb241a160950308bfe8178642fb57bf/1/6/16accanto-a-te-003.jpg
Accanto A Te 004,"4,40€",https://j-pop.it/media/catalog/product/cache/cbb241a160950308bfe8178642fb57bf/1/6/16accanto-a-te-004.jpg
Accanto A Te 005,"4,40€",https://j-pop.it/media/catalog/product/cache/cbb241a160950308bfe8178642fb57bf/1/6/16accanto-a-te-005.jpg
Accanto A Te 006,"4,40€",https://j-pop.it/media/catalog/product/cache/cbb241a160950308bfe8178642fb57bf/1/6/16accanto-a-te-006.jpg
Accanto A Te 007,"4,40€",https://j-pop.it/media/catalog/product/cache/cbb241a160950308bfe8178642fb57bf/1/6/16accanto-a-te-007.jpg
Accanto A Te 008,"4,40€",https://j-pop.it/media/catalog/product/cache/cbb241a160950308bfe8178642fb57bf/1/6/16accanto-a-te-008.jpg
Afterschool Charisma 01,"5,90€",https://j-pop.it/media/catalog/product/cache/cbb241a160950308bfe8178642fb57bf/1/6/16afterschool-charisma-01.jpg
Afterschool Charisma 02,"5,90€",https://j-pop.it/media/catalog/product/cache/cbb241a160950308bfe8178642fb57bf/1/6/16afterschool-charisma-02.jpg
Afterschool Charisma 03,"5,90€",https://j-pop.it/media/catalog/product/cache/cbb241a160950308bfe8178642fb57bf/1/6/16afterschool-charisma-03.jpg
Afterschool Charisma 04,"5,90€",https://j-pop.it/media/catalog/product/cache/cbb241a160950308bfe8178642fb57bf/1/6/16afterschool-charisma-04.jpg
Afterschool Charisma 05,"5,90€",https://j-pop.it/media/catalog/product/cache/cbb241a160950308bfe8178642fb57bf/1/6/16afterschool-charisma-05.jpg
Afterschool Charisma 06,"5,90€",https://j-pop.it/media/catalog/product/cache/cbb241a160950308bfe8178642fb57bf/1/6/16afterschool-charisma-06.jpg
Afterschool Charisma 07,"5,90€",https://j-pop.it/media/catalog/product/cache/cbb241a160950308bfe8178642fb57bf/1/6/16afterschool-charisma-06.jpg
Agrippa 001,"5,90€",https://j-pop.it/media/catalog/product/cache/cbb241a160950308bfe8178642fb57bf/1/6/16agrippa-001.jpg
Agrippa 002,"5,90€",https://j-pop.it/media/catalog/product/cache/cbb241a160950308bfe8178642fb57bf/1/6/16agrippa-002.jpg
Agrippa 003,"5,90€",https://j-pop.it/media/catalog/product/cache/cbb241a160950308bfe8178642fb57bf/1/6/16agrippa-003.jpg
Agrippa 004,"5,90€",https://j-pop.it/media/catalog/product/cache/cbb241a160950308bfe8178642fb57bf/1/6/16agrippa-004.jpg
Alabaster 001,"14,00€",https://j-pop.it/media/catalog/product/cache/cbb241a160950308bfe8178642fb57bf/t/e/tezuka_alabaster_01_jkt_rev.jpg
Alabaster 002,"14,00€",https://j-pop.it/media/catalog/product/cache/cbb241a160950308bfe8178642fb57bf/t/e/tezuka_alabaster_02_jkt.jpg
Alice in Borderland 001,"12,00€",https://j-pop.it/media/catalog/product/cache/cbb241a160950308bfe8178642fb57bf/1/6/16alice-in-borderland-001.jpg
Alice in Borderland 002,"12,00€",https://j-pop.it/media/catalog/product/cache/cbb241a160950308bfe8178642fb57bf/a/l/alice_in_borderland_2_jkt_rev_4.jpg
Alice in Borderland 003,"12,00€",https://j-pop.it/media/catalog/product/cache/cbb241a160950308bfe8178642fb57bf/a/l/alice_in_borderland_3_jkt_rev_4.jpg
Alice in Borderland 004,"12,00€",https://j-pop.it/media/catalog/product/cache/cbb241a160950308bfe8178642fb57bf/a/l/alice_in_borderland_4_jkt_rev_2.jpg
Alice in Borderland 005,"12,00€",https://j-pop.it/media/catalog/product/cache/cbb241a160950308bfe8178642fb57bf/a/l/alice_in_borderland_5_jkt_rev_4.jpg
Alice in Borderland 006,"12,00€",https://j-pop.it/media/catalog/product/cache/cbb241a160950308bfe8178642fb57bf/a/l/alice_in_borderland_6_jkt_rev_4.jpg
Alice in Borderland 007,"12,00€",https://j-pop.it/media/catalog/product/cache/cbb241a160950308bfe8178642fb57bf/a/l/alice_in_borderland_7_jkt_rev_5.jpg
Alice in Borderland 008,"12,00€",https://j-pop.it/media/catalog/product/cache/cbb241a160950308bfe8178642fb57bf/a/l/alice_in_borderland_8_jkt_rev_4.jpg
All about J 1,"6,90€",https://j-pop.it/media/catalog/product/cache/cbb241a160950308bfe8178642fb57bf/a/l/all_about_j_jkt.jpg
All about J 2,"6,90€",https://j-pop.it/media/catalog/product/cache/cbb241a160950308bfe8178642fb57bf/a/l/all_about_j_jkt2.jpg
All about J 3,"6,90€",https://j-pop.it/media/catalog/product/cache/cbb241a160950308bfe8178642fb57bf/a/l/all_about_j_jkt3.jpg
All about J box - VOL. 1-3,"20,70€",https://j-pop.it/media/catalog/product/cache/cbb241a160950308bfe8178642fb57bf/a/l/all_about_box.png
Alma 001,"6,50€",https://j-pop.it/media/catalog/product/cache/cbb241a160950308bfe8178642fb57bf/a/l/alma_jkt_rev1.jpg
Alma 002,"6,50€",https://j-pop.it/media/catalog/product/cache/cbb241a160950308bfe8178642fb57bf/a/l/alma_jkt_rev2.jpg
Alma 003,"6,50€",https://j-pop.it/media/catalog/product/cache/cbb241a160950308bfe8178642fb57bf/a/l/alma_jkt_rev3.jpg
Alma 004,"6,50€",https://j-pop.it/media/catalog/product/cache/cbb241a160950308bfe8178642fb57bf/a/l/alma_jkt_rev4.jpg
Alma Box,"26,00€",https://j-pop.it/media/catalog/product/cache/cbb241a160950308bfe8178642fb57bf/1/6/16alma-box-1-4.jpg
Amanchu 001,"5,90€",https://j-pop.it/media/catalog/product/cache/cbb241a160950308bfe8178642fb57bf/1/6/16amanchu-01.jpg
Amanchu 002,"5,90€",https://j-pop.it/media/catalog/product/cache/cbb241a160950308bfe8178642fb57bf/1/6/16amanchu-02.jpg
Amanchu 003,"5,90€",https://j-pop.it/media/catalog/product/cache/cbb241a160950308bfe8178642fb57bf/1/6/16amanchu-03.jpg
Amanchu 004,"5,90€",https://j-pop.it/media/catalog/product/cache/cbb241a160950308bfe8178642fb57bf/1/6/16amanchu-04.jpg
Amanchu 005,"5,90€",https://j-pop.it/media/catalog/product/cache/cbb241a160950308bfe8178642fb57bf/1/6/16amanchu-05.jpg
Amanchu 006,"5,90€",https://j-pop.it/media/catalog/product/cache/cbb241a160950308bfe8178642fb57bf/1/6/16amanchu-06.jpg
